Num,Name,AllKcal,OhKcal,W,P,F,C,S,Na,SF
1,국밥_돼지머리,1233,137,900,6.7,5.16,15.94,0.16,181,1.47
2,국밥_순대국밥,675,75,900,3.17,2.28,10.38,0.17,126,1.26
3,국밥_콩나물,405.6,52,780,1.45,0.24,10.93,0,172,0.12
4,김밥,322,140,230,4.84,4.55,19.98,0,307,1.1
5,덮밥_낙지,525,150,350,5.88,3.34,24.12,2.16,212,0.37
6,덮밥_불고기,728,182,400,6.6,5.31,26.96,0.07,253,1.4
7,덮밥_오징어,486,135,360,7.18,2.01,21.94,0.66,162,0.24
8,볶음밥,640.5,183,350,5.56,2.76,33.97,0,212,1.1
9,비빔밥,639,142,450,6.86,4.32,18.84,0.05,232,0.95
10,알밥,422.4,128,330,4.73,5.11,15.75,2.3,430,0.59
11,영양돌솥밥,644,184,350,3.43,2.87,36.06,0.63,6,0.61
12,오므라이스,692,173,400,6.5,7.23,20.54,3.19,433,1.38
13,짜장밥,573.4,122,470,4.27,4.72,15.57,0.03,236,0.58
14,잡채밥,825,150,550,4.02,3.42,25.79,0.05,227,0.41
15,짬뽕밥,648,72,900,3.2,1.4,11.65,1.34,234,0.23
16,초밥_모듬,608,160,380,9.66,1.59,26.72,1.4,142,0.41
17,초밥_유부초밥,388,194,200,5.78,5.77,29.82,1.99,386,0.69
18,카레라이스,518.4,108,480,3.11,1.4,20.74,0.16,210,0.44
19,콩나물밥,393.6,123,320,4.68,1.58,22.39,0.04,272,0.42
20,하이라이스,403.2,112,360,4.02,1.13,21.34,0,246,0.13
21,회덮밥_모듬,594.5,145,410,9.1,4.15,17.76,3.07,155,0.85
22,햄버거,528,264,200,12.85,13.98,21.67,3.13,450,4.42
23,간짜장,625,125,500,5.12,4.89,15.13,0.86,455,0.8
24,국수_막국수,798,133,600,5.8,1.61,23.9,4.88,405,0.46
25,국수_비빔국수,510,102,500,3.01,0.95,20.47,4.11,239,0.2
26,국수_잔치국수,308,44,700,1.93,0.49,8.05,0.04,216,0.16
27,국수_쟁반막국수,535.5,119,450,6.68,4.56,12.81,8.12,513,0.88
28,냉면_물냉면,385,55,700,1.96,0.64,10.31,4.52,161,0.16
29,냉면_비빔냉면,500,100,500,5.67,2.64,13.35,4.02,177,0.54
30,냉면_회냉면_홍어,740,148,500,5.81,4.02,22.21,2.84,99,0.27
31,떡국,588,84,700,3.43,0.53,16.37,0.08,176,0.24
32,떡만두국,666,111,600,3.53,3.91,15.47,0.01,206,0.57
33,라면,451,82,550,1.72,2.28,13.65,0,283,0.82
34,만두국_사골,609,87,700,3.74,4,8.94,0.06,333,1.71
35,메밀국수_온면,220.5,63,350,3.14,0.29,12.06,0,194,0.12
36,수제비,377,58,650,2.31,0.52,11.08,0,142,0.15
37,우동_일식,1264,158,800,1.78,3.22,30.48,0.02,157,0.3
38,우동볶음,384,128,300,2.8,2.01,24.79,0.43,257,0.49
39,월남쌈,295,118,250,5.94,4.97,12.25,5.5,230,2.13
40,짜장면,528,88,600,2.69,2.22,14.37,6.07,307,0.38
41,짬뽕,464,58,800,2.79,1.54,8.26,1.57,181,0.25
42,쫄면,709.5,129,550,3.21,2.52,23.26,3.51,250,0.22
43,칼국수,539,77,700,3.3,0.49,14.9,0,220,0.2
44,콩국수,648,81,800,3.9,3.35,8.92,0.24,67,0.17
45,닭죽,176,44,400,2.68,0.57,7.14,0,117,0.33
46,오리죽,620,155,400,7.5,4.99,19.95,0,62,1.16
47,전복죽,316,79,400,1.82,3.73,9.62,0,158,0.19
48,채소죽,172,43,400,1.69,0.69,7.62,0.17,224,0.18
49,팥죽,324,81,400,3.17,0.19,16.66,0.02,127,0.07
50,호박죽,196,49,400,1.93,1.71,6.58,3.56,42,0.04
51,흑임자죽,244,61,400,1.1,4.73,3.64,0.75,159,0.28
52,갈비탕,361.8,54,670,8.51,2.06,0.4,0.11,199,0.79
53,감자국,84,21,400,0.9,0.26,3.67,0.85,215,0.03
54,곰탕,144,24,600,3.43,1.12,0.11,0,124,0.41
55,곰탕_우거지,87.5,25,350,2.37,0.6,2.6,0.33,225,0.14
56,김치국,92,23,400,1.34,0.76,2.63,0.03,208,0.19
57,김치국_콩나물,48,12,400,0.82,0.47,1.15,0.49,230,0.09
58,내장탕,426,71,600,5.82,4.52,1.68,0.05,216,1.78
59,달걀국,52,13,400,0.93,0.74,0.69,0,246,0.27
60,달걀탕_순두부,101.5,29,350,1.78,2.04,0.94,0,101,0.37
61,닭곰탕,331.5,51,650,7.51,1.42,2,0.3,170,0.3
62,도가니탕,200,40,500,8.35,0.33,0.82,0,150,0.13
63,무국_소고기,60,15,400,1.33,0.64,1.1,0,166,0.09
64,미역국,48,12,400,0.65,0.61,0.87,0.27,168,0.05
65,북어국,112,28,400,3.89,0.98,0.84,0.12,232,0.17
66,사골국,220,55,400,5.56,2.42,2.81,0,75,0.94
67,삼계탕,909,101,900,10.68,4.8,3.84,0.45,82,1.29
68,새우탕,165,33,500,5.17,0.44,2,0.06,268,0.09
69,설렁탕,120,24,500,4.26,0.58,0.36,0,22,0.23
70,순대국,510,85,600,2.35,1.75,14.95,0.26,330,0.5
71,어묵국(어묵탕),108.5,31,350,1.49,1.03,3.83,0.07,226,0.07
72,오징어국,90,18,500,2.22,0.73,0.73,0.24,257,0.08
73,육개장,132,30,440,3.68,0.99,1.49,0.76,201,0.17
74,육개장_닭고기,140,20,700,2.74,0.42,1.41,0.57,167,0.15
75,장어탕,536,67,800,4.32,3.91,3.68,2.66,387,0.63
76,재첩국,80.5,23,350,0.67,0.29,4.54,0,126,0.01
77,조개국,64,16,400,1.67,0.89,0.25,0.18,297,0.05
78,콩나물국,24,6,400,0.74,0.09,0.61,0.16,219,0.03
79,토란국,64,16,400,1,0.12,2.61,0.27,190,0.04
80,해장국_뼈다귀,208,26,800,3.19,0.97,1.06,0.63,346,0.21
81,해장국_선지,174,29,600,3.86,0.96,1.23,0,312,0.13
82,갈치찌개,95,38,250,5.27,1,1.95,0.98,91,0.3
83,감자탕,376.3,71,530,6.31,4.06,2.27,0,328,1.16
84,김치전골,197.1,73,270,3.12,4.23,5.68,0.79,299,0.67
85,김치찌개_돼지고기,90,45,200,4.25,2.71,1.04,0.05,207,0.48
86,김치찌개_참치,153,51,300,3.59,2.82,2.9,0.15,264,0.26
87,꽃게탕,102,17,600,1.86,0.41,1.44,0.95,273,0.04
88,낙지전골,153,51,300,6.5,1.14,3.72,0,484,0.33
89,동태국,68,17,400,2.42,0.16,1.4,0,224,0.02
90,동태찌개,88,44,200,6.11,1.37,1.72,0.13,273,0.2
91,돼지고기찌개,144,48,300,6.25,1.51,2.26,0.13,255,0.21
92,된장찌개,92,46,200,3.38,1.63,4.44,0,318,0.27
93,매운탕_대구,132,22,600,4.49,0.4,0.19,0,250,0.15
94,매운탕_해물,210,35,600,4.85,0.64,2.51,0.45,368,0.18
95,버섯전골,234,78,300,5.14,4.24,4.78,1.18,146,0.98
96,부대찌개,738,123,600,5.86,6.49,10.27,0.18,239,1.68
97,샤브샤브_버섯,105,30,350,3.88,0.9,1.57,0.53,51,0.62
98,샤브샤브_소고기,258,43,600,5.38,1.62,1.8,1.49,96,0.18
99,소고기전골,189,63,300,7.89,3.24,0.46,0.05,299,0.69
100,순두부찌개_김치,70,35,200,2.98,1.59,2.17,0.32,151,0.46
101,알탕,202.8,39,520,6.37,0.74,1.74,0,250,0.16
102,오리백숙,336,112,300,10.59,7.5,0.5,0.25,161,1.56
103,오리탕,726,121,600,9.5,6.56,6.08,3.58,317,1.33
104,오징어찌개,85,34,250,3.3,0.22,4.77,0.45,285,0.05
105,청국장찌개,94,47,200,5.03,2.11,1.92,0,242,0.45
106,추어탕,189,54,350,3.24,3.18,3.07,0,246,0.31
107,콩비지찌개,276,69,400,6.74,3.08,3.57,3.25,289,0.51
108,호박찌개_고추장,114.8,41,280,2.08,0.99,5.96,0.56,211,0.1
109,고구마_찐고구마,278,139,200,1.67,0.24,32.47,16.32,10,0.05
110,가오리찜,204,102,200,21.99,1.39,0.46,0.06,151,0.26
111,갈비찜_소고기,255,85,300,7.25,3.17,6.95,0.75,272,0.85
112,감자_찐감자,140,70,200,2.16,0.16,15.01,0.86,3,0.03
113,깻잎찜,97,97,100,5.21,5.86,5.96,1.33,792,0.46
114,꼬막찜,192,96,200,12.03,2.28,6.97,1.03,736,0.59
115,꽈리고추찜,104,104,100,3.59,2.09,17.69,0.44,316,0.37
116,달걀찜_새우젓,116,58,200,4.98,4.04,0.47,0,247,1.22
117,달걀찜_우유,210,105,200,8.23,6.31,3.8,2.55,262,2.5
118,닭찜,321,107,300,12.37,6.09,0.6,0,224,0.98
119,돼지갈비찜,582,194,300,13.29,12.32,7.44,0.13,478,3.68
120,사태찜_소고기,330,110,300,12.1,5.17,3.67,0.13,302,1.13
121,수육_소고기,498,166,300,28.43,4.94,2.04,0.11,31,1.89
122,순대,411.4,187,220,2.75,3.64,35.73,1.39,604,1.12
123,아귀찜,168,84,200,6.72,3.13,7.26,2.73,392,0.48
124,애호박찜,181,181,100,9.5,6.48,21.18,1.81,161,1.44
125,옥수수_찐옥수수,370,185,200,6.68,2.42,34.2,2.36,90,0.29
126,족발,582.5,233,250,26.04,13.91,0.93,0,345,4.66
127,코다리찜,188,94,200,14.49,1.35,6.08,2.5,620,0.31
128,콩나물찜_해물,112,56,200,6.67,1.01,4.97,0,223,0.21
129,풋고추찜,51,51,100,2.31,0.99,8.27,1.44,708,0.14
130,가자미구이,246,123,200,18.7,5.02,0.66,0,315,0.82
131,갈비구이_소고기,723,241,300,25.91,14.55,1.59,0.26,402,5.62
132,갈치구이_기름,276,138,200,21.54,5.48,0.6,0,297,1.31
133,고등어구이_석쇠,680,340,200,23.38,25.69,3.79,0,126,6.95
134,삼겹살구이,934,467,200,22.56,41.69,0.35,0,576,12.42
135,삼겹살구이_고추장,806,403,200,14.21,32.83,12.63,5.73,510,13.1
136,삼치구이,356,178,200,21.42,9.57,1.45,0.22,217,2.02
137,새우구이,261,145,180,23.41,4.44,2.82,0.03,330,0.74
138,소불고기,340,170,200,16.41,9.66,4.26,3.24,418,3.26
139,스테이크_소등심,388,194,200,30.22,8.07,0.14,0,134,3.85
140,스테이크_소안심,366,183,200,34.82,4.83,0.13,0,103,0.22
141,오리고기구이,586,293,200,24.06,19.7,4.89,0,708,4.82
142,오리불고기,362.5,145,250,6.75,9.05,9.05,6.29,467,2.04
143,장어구이_고추장,259,259,100,19.82,17.21,6.18,0.44,322,4.68
144,조개구이_키조개,234,130,180,17.43,2.07,10.44,3.6,454,0.09
145,조기구이,318.6,177,180,19.33,10.86,0.44,0,1364,3.08
146,참치구이_머리,347.4,193,180,26.56,8.98,1.4,0,459,2.76
147,함박스테이크,348,174,200,12.1,10.73,7.19,0.06,198,3.3
148,곱창볶음_돼지고기,299,130,230,7.23,3,18.52,3.27,215,1.05
149,낙지볶음,182,91,200,5.77,3.77,8.6,7.91,537,0.44
150,닭볶음(닭갈비),558,186,300,13.98,10.96,7.93,0.77,338,1.92
151,닭볶음(닭갈비)_닭가슴살_피망,97.6,122,80,16.39,5.65,1.38,0.29,490,0.65
152,돼지고기볶음(제육볶음),487.5,195,250,12.15,14.19,4.73,0.38,501,4.18
153,떡볶이,259.2,144,180,3.51,2.96,25.96,4.4,391,0.28
154,라볶이,268,134,200,2.83,4.71,20.14,0.94,311,1.47
155,마파두부,174.4,109,160,7.29,6.48,5.36,2.45,352,1.04
156,삼겹살볶음_묵은지김치,302,151,200,5.76,10.49,8.4,3.62,604,3.36
157,오징어볶음,256,128,200,9.85,6.52,7.43,1.93,310,1
158,유산슬,189.2,86,220,7.54,4.4,4.1,2.15,211,0.78
159,팔보채,198,90,220,12.42,2.9,3.42,2.09,856,0.39
160,고등어조림,141,141,100,11.25,8.84,4.1,3.39,390,2.14
161,꽁치조림,244,244,100,15.52,17.87,5.14,4.05,350,3.52
162,닭볶음탕,333,111,300,11.91,3.22,8.52,0.42,376,1.19
163,닭조림,295.5,197,150,18.03,10.9,6.57,0.5,470,2.73
164,닭조림_고추장,380,152,250,9.12,6.94,13.25,2.04,290,2.05
165,코다리조림,86,86,100,16.46,0.4,4.16,3.67,466,0.17
166,샐러드_닭가슴살,202.5,135,150,7.17,9.49,5.36,3.25,88,1.21
167,꽃게장_양념(고추가루),194,97,200,10.23,0.61,12.61,8.77,804,0.24
168,육회,195,130,150,9.93,6.43,8.12,5.29,418,2.11
169,오므라이스_수플레 오믈렛 라이스,405.81,167,243,4.94,,,2.47,490,2.63
170,피자_페퍼로니 피자 (L),1688.4,315,536,17.61,11.55,35.15,3.55,396,5.24
171,스파게티_미트 토마토 파스타,532.8,185,288,3.13,4.86,30.21,8.33,484,0.69
172,스파게티_베이컨 크림 파스타,686.07,231,297,5.39,10.44,28.96,3.03,423,4.04
173,스파게티_쉬림프 로제 파스타,733.59,247,297,6.06,11.78,29.63,6.73,489,5.72
174,스파게티_뇨끼,946,172,550,4.7,8.7,18.8,1.5,345,4.2
175,닭발구이_불닭발,235,235,100,17,,17,6,630,2.1
176,닭발구이_한입쏙직화 닭발,148,148,100,11.88,,,7.31,441,1.55
177,돼지갈비구이_폭립,295,295,100,24.03,,7.31,0.59,158,7.81
178,감자그라탕_치즈만난감자 그라탕,375.1,341,110,10.91,,,11.82,409,6.36
179,떡볶이_국물맵떡,139,139,100,4.09,,,5.69,614,0.21
180,샐러드_그릴드 치킨 샐러드,200.97,99,203,6.4,,,4.93,315,0.84
181,계란덮밥,143,143,100,4.31,2.82,25.14,3.07,223,0.61
182,곤드레나물밥,521.5,149,350,2.94,2.71,28.26,0,26,0.26
183,국밥,416,52,800,3.45,1.03,7.33,0.05,288,0.34
184,국밥_굴,682.5,105,650,6.52,2.74,13.6,0.05,252,0.6
185,국밥_돼지고기,912,76,1200,5.53,3.22,6.23,0,91,0.7
186,국밥_소고기,329,47,700,3.11,1.16,6.09,0.4,255,0.33
187,귀리밥,162,162,100,3.9,0.87,34.54,0.09,0,0.16
188,김밥_샐러드,405,162,250,3.85,5.41,24.58,1.37,364,1.12
189,김밥_소고기,400,160,250,6.39,3.85,25.01,0.33,424,1.01
190,김밥_참치,170,170,100,6.44,5.89,22.73,1.46,353,1.07
191,누룽지_뜨거운물첨가,69,69,100,1.32,0.1,15.06,1.15,13,0.04
192,덮밥_송이버섯,582,97,600,3.04,2.34,15.93,0.38,280,0.46
193,덮밥_유산슬,577.5,105,550,4.9,3.46,13.44,0.08,287,0.62
194,덮밥_장어,716,179,400,7.52,5.74,24.34,1.4,230,1.29
195,덮밥_참치,680,136,500,5.84,3.35,20.59,0.6,324,0.68
196,덮밥_해물,770,110,700,6.01,3.21,14.35,0.17,258,0.77
197,볶음밥,193,193,100,6.92,8.38,22.5,1.79,282,1.66
198,비빔밥,142,142,100,4.47,3.81,22.5,3.04,317,0.82
199,연어롤,510,170,300,6.19,5.13,24.77,2.82,404,0.94
200,짜장밥,740,148,500,3.05,4.46,24.01,1.07,312,1.71
201,초밥_광어,453,151,300,9.02,1.31,25.85,2.57,270,0.35
202,초밥_농어,397.5,159,250,6.97,0.53,31.5,5.2,414,0.26
203,초밥_모듬,462,154,300,8.47,2.02,25.48,2.88,323,0.5
204,초밥_문어,392.5,157,250,5.85,0.3,32.71,5.35,480,0.14
205,초밥_새우,130,130,100,7.78,1.94,20.41,3.95,451,0.19
206,초밥_연어,207,207,100,11.2,9.36,19.59,3.62,278,1.23
207,초밥_유부초밥,165,165,100,4.32,2.51,31.26,2.11,255,0.45
208,초밥_장어,487.5,195,250,6.61,4.33,32.27,5.47,508,1.16
209,초밥_한치,375,150,250,5.48,0.34,31.17,5.25,480,0.18
210,충무김밥,584,146,400,5.86,1.49,27.29,4.3,324,0.27
211,캘리포니아롤,489,163,300,4.11,3.02,29.74,2.97,432,0.71
212,회덮밥,685,137,500,6.04,3.31,20.66,2.19,149,0.58
213,간짜장,825.5,127,650,3.44,3.39,20.65,1.87,418,1.49
214,국수_김치말이국수,300,50,600,2.15,0.8,8.67,1.38,354,0.18
215,국수_막국수,570,57,1000,2,0.58,10.98,0.94,326,0.1
216,국수_열무김치,432,54,800,1.88,1.28,8.7,2.33,376,0.08
217,기스면,610,61,1000,3.78,1.07,8.98,0.05,276,0.21
218,냉면_물냉면,66,66,100,1.99,0.63,13.12,2.52,347,0.17
219,냉면_비빔냉면,131,131,100,3.43,3.61,21.1,3.79,311,0.51
220,냉면_열무냉면,528,66,800,2.61,0.72,12.19,3.39,394,0.17
221,떡만두국,623,89,700,2.87,1.62,15.82,0.02,283,0.49
222,라멘_간편조리세트_매운돈코츠라멘,1518.79,91,1669,3.82,5.09,7.38,1.17,427,0.71
223,라멘_돈코츠라멘,98,98,100,4.14,6.42,5.87,0.77,377,1.23
224,라멘_미소라멘,89,89,100,4.57,2.77,11.36,1.1,388,0.54
225,라멘_소유라멘,72,72,100,3.65,2.36,9.12,0.84,420,0.77
226,라멘_시오라멘,84,84,100,4.68,2.13,11.54,0.93,292,0.53
227,라면_짜장라면,177,177,100,3.66,4.28,31,0.63,306,1.69
228,라면_짬뽕라면,690,92,750,2.84,3.51,12.27,0.21,333,1.15
229,라면_치즈,594,99,600,2.8,3.83,13.33,0.15,352,1.57
230,만두국,434,62,700,3.06,2.49,6.83,0.44,338,0.61
231,밀면_물밀면,71,71,100,2.46,0.5,14.19,3.68,303,0.15
232,비빔국수,113,113,100,3.4,2.1,20,,337,0
233,비빔국수,113,113,100,3.2,1.86,20.94,4.31,333,0.34
234,스파게티_까르보나라소스,235,235,100,5.71,14.82,19.63,2.04,241,7.02
235,스파게티_로제소스,171,171,100,5.21,8.99,17.34,3.33,244,4.05
236,스파게티_오일소스,648,162,400,4.89,5.86,22.35,0.35,281,0.97
237,스파게티_크림소스,836,209,400,5.45,12.65,18.44,2.29,258,6.42
238,스파게티_토마토소스,645,129,500,4.87,3.83,18.64,3.12,302,1.09
239,스파게티_해물_크림소스,920,184,500,6.08,9.96,17.39,1.67,265,4.95
240,스파게티_해물_토마토소스,585,117,500,5.59,2.75,17.45,2.7,307,0.63
241,쌀국수,318,53,600,2.6,0.7,9.18,0.72,275,0.23
242,우동_일식,420,60,700,1.91,1.13,10.6,0.35,341,0.21
243,우동_중식,650,65,1000,2.95,2.1,8.54,0.11,340,0.34
244,울면,730,73,1000,3.75,0.74,12.82,0.05,280,0.18
245,자장면,799.5,123,650,3.04,3.13,20.56,1.2,368,1.31
246,자장면_삼선,805,115,700,4.81,2.59,18.08,1.45,375,0.58
247,짬뽕_굴,684,76,900,3.65,1.07,12.85,0.19,296,0.16
248,짬뽕_백짬뽕,63,63,100,3.66,1.54,8.54,0.21,280,0.24
249,짬뽕_삼선,666,74,900,4.4,1.2,11.3,0.12,299,0.21
250,짬뽕_차돌박이,88,88,100,4.58,3.42,9.82,0.69,342,0.85
251,칼국수_닭고기,666,74,900,4.69,1.42,10.52,0.59,236,0.28
252,칼국수_들깨,456,76,600,2.93,2.75,9.97,0.23,199,0.25
253,칼국수_해물,630,70,900,2.53,0.51,13.77,0.42,262,0.14
254,콩국수,100,100,100,4.61,3.83,11.69,0.76,97,0.36
255,팟타이,146,146,100,3.98,6.2,18.54,5.41,270,0.96
256,게살죽,568,71,800,2.24,0.89,13.42,0.02,182,0.26
257,깨죽,512,64,800,1.71,1.99,9.91,0.45,145,0.35
258,백합죽,455,65,700,2.36,0.8,12.1,0,142,0.19
259,소고기버섯죽,576,72,800,2.34,0.93,13.63,0.03,158,0.34
260,쌀죽(흰죽),52,52,100,1.33,0.15,11.43,0,29,0.05
261,어죽,552,69,800,2.55,0.94,12.6,1.23,263,0.21
262,율무죽,77,77,100,3.26,0.98,13.75,0.1,1,0.15
263,잣죽,875,125,700,2.74,2.8,22.18,0.34,126,0.28
264,참깨죽,38,38,100,1,1.2,5.9,,120,0
265,참치죽,656,82,800,3.02,2.01,13.07,0.17,168,0.23
266,채소죽,70,70,100,1.15,1.39,13.3,0.4,143,0.23
267,현미죽,64,64,100,1.2,0.4,15.2,0.4,1,0.09
268,감자국,224,32,700,1.19,0.79,4.94,0.74,245,0.03
269,게국지,418,38,1100,4.08,1.1,2.88,0.98,368,0.18
270,곰치국,420,42,1000,5.43,1.18,2.39,0.28,380,0.14
271,곰탕,183,61,300,6.47,1.23,6.03,0.17,239,0.5
272,김치국,90,20,450,1.2,0.62,2.33,0.64,365,0.07
273,낙지탕,186,31,600,4.9,0.53,1.73,0.32,284,0.07
274,달걀국,39,39,100,3.25,2.38,1.12,0.52,341,0.78
275,된장국_우렁,245,49,500,4.92,1.54,3.84,0.72,427,0.22
276,매생이국,120,24,500,2,0.56,2.68,0.08,284,0.12
277,무국_소고기,124,31,400,3.55,1,1.95,0.88,267,0.33
278,미소된장국,37.5,25,150,1.87,1.2,1.87,0.47,345,0.13
279,소탕,87,58,150,5.1,3.57,1.27,0.02,236,0.39
280,순대국,544,68,800,5.44,4.13,2.16,0,188,1.37
281,아구탕,246,41,600,6.3,0.82,2.13,0.3,311,0.13
282,어묵국(어묵탕)_간편조리세트_프리미엄 이자카야어묵탕,954.27,69,1383,3.48,1.26,11.01,3.02,406,0.14
283,어탕,85.5,57,150,8.47,2.06,1.21,0,323,0.29
284,연포탕,540,54,1000,9.49,0.9,2.02,0.02,234,0.18
285,전복탕,198,33,600,4.47,0.5,2.63,0.22,296,0.1
286,조개국_바지락,159.5,29,550,4,0.56,1.84,0.24,290,0.11
287,지리탕_대구,264,44,600,6.93,1.03,1.65,0.25,246,0.18
288,지리탕_복,234,39,600,6.95,0.45,1.72,0.23,225,0.07
289,초당순두부,522,58,900,5.46,3.24,1.76,0.1,134,0.42
290,해장국_뼈다귀,710,71,1000,7.46,3.57,2.34,0.57,309,1.43
291,해장국_선지,310,31,1000,4.93,0.54,1.67,0.39,307,0.27
292,해장국_우거지,156,26,600,1.98,0.98,2.25,0.42,342,0.2
293,홍합탕_홍합만,29,29,100,3.68,0.57,2.28,0,303,0.14
294,황태해장국,180,30,600,4.08,1.13,0.95,0.25,256,0.18
295,무국물,0,3,,0.16,0,0.55,0.36,2,0
296,고등어찌개,600,100,600,8.15,5.62,4.27,1.23,431,1.18
297,곱창전골_간편조리세트_대한곱창 곱창전골,1813,140,1295,5.79,9.11,8.65,1.08,320,4.28
298,곱창전골_간편조리세트_소곱창순대전골,987,75,1316,3.95,2.82,8.36,1.98,334,0.66
299,곱창전골_소고기,528,88,600,6.93,4.55,4.87,0.38,297,1.38
300,김치찌개,244,61,400,3.77,3.75,2.98,0.76,491,0.69
301,김치찌개_김치만,46,46,100,1.55,3.09,2.95,1.3,507,0.32
302,김치찌개_햄,189,63,300,3.7,3.47,4.23,1.2,528,1.23
303,꽁치찌개,354,118,300,8,7.77,4.07,1.97,432,1.63
304,꽃게탕_간편조리세트_3마리꽃게탕,318.76,26,1226,2.58,0.62,2.47,1.14,384,0.04
305,나베_간편조리세트_통등심가스나베,1982.2,170,1166,5.41,9.52,15.71,3.53,413,1.46
306,낙지전골_간편조리세트_낙곱새,812.24,88,923,5.47,1.64,12.88,3.19,725,0.57
307,두부전골,315,63,500,5.12,3.22,3.42,0.7,330,0.48
308,두부찌개_새우젓,165,55,300,5.4,2.7,2.4,0.57,374,0.53
309,마라탕,66,66,100,3.91,3.27,5.1,0.26,358,0.6
310,만두전골_간편조리세트_얼큰왕만두전골,1328.25,75,1771,2.67,2.07,11.35,1.58,388,0.55
311,만두전골,57,57,100,3.61,2.23,5.55,0.7,250,0.55
312,만두전골,420,70,600,9.74,2.77,1.52,0.24,300,0.51
313,매운탕_대구,360,60,600,9.56,1.2,2.81,0.18,331,0.16
314,버섯찌개,168,42,400,3.68,1.3,3.85,1.1,323,0.33
315,부대찌개,402,67,600,3.07,3.1,6.62,1.03,387,0.9
316,샤브샤브_소고기,264,44,600,4.85,1.63,2.45,0.4,187,0.62
317,청국장찌개_두부_채소,79,79,100,6.32,4.63,2.94,1.95,447,0.32
318,추어탕,320,32,1000,2.27,1.32,2.68,0,264,0.19
319,해물탕_간편조리세트_바다를 품은 해물탕,401.28,33,1216,4.11,0.96,2.02,0.86,402,0.11
320,해물탕,270,45,600,6.63,0.78,2.77,0.13,341,0.13
321,해신탕,57,57,100,7.93,1.88,2.03,0.41,266,0.38
322,호박찌개,96,32,300,1.87,0.87,4.07,1.93,341,0.13
323,훠궈_소고기,93,93,100,4.81,5.11,6.83,1.13,390,0.97
324,갈비찜_고춧가루,516,172,300,20.43,6.57,7.9,3.57,380,2.67
325,갈비찜_소고기,495,198,250,19.94,10.78,5.26,1.73,301,4.13
326,꼬막무침,107,107,100,8.34,4.72,7.69,4.28,516,0.64
327,꼬막찜_참꼬막,90.4,113,80,15.59,3.13,5.74,0,293,0.47
328,닭찜_안동찜닭,1365,91,1500,7.61,2.59,9.3,4.45,364,0.69
329,대구찜,375,75,500,10.34,1.58,4.94,1.14,380,0.22
330,동태찜,395,79,500,10.18,1.94,5.16,1.14,397,0.32
331,동파육,191,191,100,8.99,15.41,4.15,0.74,299,4.4
332,돼지갈비찜_간편조리세트_국내산순살돼지갈비찜,1074,120,895,10.12,4.91,8.8,6.11,414,1.6
333,돼지고기_간,164,164,100,29.36,4.44,1.56,0.2,62,1.83
334,돼지고기_머리고기,650,325,200,21.2,26,1.75,0.05,167,7.6
335,돼지등갈비찜,963,214,450,16.02,10.93,12.76,5.36,532,3.58
336,북어찜,235.5,157,150,18.73,3.8,12,4.27,601,0.6
337,붕어찜,836,76,1100,4.94,3.35,6.51,1.47,359,0.53
338,수란_중탕,145,145,100,12.3,11.7,0.2,,110,3.21
339,순대,543,181,300,6.52,8.55,19.45,1.17,340,2.43
340,아귀찜,312,78,400,12.08,1.33,4.37,0.17,352,0.21
341,오징어순대,465.5,133,350,13.06,1.6,16.66,0.11,360,0.4
342,조기찜,182,182,100,20.06,10.59,1.64,0,602,2.85
343,족발,220,220,100,28.91,11.65,0,0.28,332,3.77
344,해물찜,400,80,500,8.52,1.96,7.08,1.1,427,0.3
345,가자미구이,151,151,100,22.61,6.42,0.76,0.58,489,1.25
346,갈매기살구이_돼지고기,312,312,100,26.98,22.6,0.28,0,124,9.82
347,갈비구이_돼지고기,294,294,100,19.58,21.39,5.78,5.7,389,7.61
348,갈치구이_기름,209,209,100,22.12,13.04,0.83,0,395,3.55
349,꼬치구이_닭고기,176.4,252,70,16.52,12.24,19.07,4.5,410,3.31
350,꿩불고기,370,74,500,6.7,1.7,7.94,3.38,253,0.38
351,치킨,1952,244,800,21,20,11,1,471,3.1
352,대창구이_소고기,595,595,100,9.11,60.25,4.05,1.13,126,25.6
353,더덕구이,184,184,100,3.1,5.2,31.1,11.6,743,0.8
354,돼지갈비구이_간장,240,240,100,19.5,14.4,8.1,4.5,405,4.7
355,돼지껍데기구이,348,348,100,23.74,26.64,3.37,3.42,475,9.08
356,돼지불고기_삼겹살_오징어,364,182,200,12.8,9.95,10.25,3.8,443,2.6
357,막창구이_소고기,358,358,100,15.34,32.73,0.4,1.36,162,12.11
358,소불고기,0,186,,10.33,13.1,6.73,3.34,468,5.32
359,연어구이,234,234,100,24.78,14.94,0.2,0.55,158,2.17
360,오겹살구이_돼지고기,408,408,100,20.18,35.14,2.72,0.72,76,10.23
361,임연수구이,495,198,250,21.52,11.76,1.4,0,628,2.44
362,장어구이_붕장어_소금,297,297,100,26,16.2,11.6,0.4,125,3.6
363,장어구이_양념,433.5,289,150,20.51,20.37,5.87,2.79,470,4.74
364,차돌박이구이_소고기,488,488,100,17.94,45.69,1.31,0.33,93,16.24
365,콘치즈구이,224,224,100,9.51,12.85,17.56,7.31,313,4.5
366,함박스테이크_간편조리세트_더블체다 함박스테이크,1120.77,189,593,9.9,10.46,13.88,4.64,344,3.56
367,함박스테이크,458,229,200,13.48,14.82,10.38,2.67,475,4.7
368,황태구이,438,219,200,23.9,7.7,13.45,7.1,568,1.2
369,훈제오리,797.5,319,250,17.22,25.63,4.83,0.11,488,6.39
370,훈제오리,0,259,,26.85,15.16,3.86,0.41,888,4.69
371,돼지고기볶음_간편조리세트_돼지고기 숙주 볶음,942.5,145,650,7.46,8.78,9.05,5.96,350,2.33
372,돼지고기볶음,350,175,200,11.48,10.33,9.11,4.1,526,2.56
373,순대볶음,584,146,400,5.18,5.33,19.18,1.35,375,1.28
374,순대볶음_백순대,196,196,100,3.62,10.23,22.45,1.69,443,1.14
375,오징어볶음,120,120,100,10.28,4.38,9.84,4.55,403,0.8
376,잡채_고추,256,128,200,5.5,6.01,13.09,1.05,414,1.05
377,주꾸미볶음,212,106,200,9.16,2.6,11.41,2.53,459,0.3
378,주꾸미삼겹살,161,161,100,10.11,8.66,10.66,5.41,280,2.29
379,해물볶음,420,105,400,9.55,3.83,8.05,1.85,439,0.53
380,가자미조림,297,99,300,12.37,2.37,7.17,3.5,564,0.43
381,고등어조림,108,108,100,8.36,6.07,4.9,3.73,411,1.23
382,고추조림,111,111,100,3.3,4.9,13.4,7.1,779,0.7
383,닭볶음탕_간편조리세트_곱도리탕,1341.78,107,1254,6.66,4.21,10.62,4.29,359,1.08
384,동태조림,275,110,250,16.32,1.88,6.96,4.08,557,0.44
385,북어조림,182,182,100,20.83,3.33,17.14,8.2,766,0.67
386,깐풍새우,240,240,100,8.15,13.86,20.56,7.2,531,2.04
387,닭모래집튀김,468,312,150,18.73,17.73,19.4,1.2,215,2.73
388,닭튀김,903,301,300,21.73,16.57,16.27,0.5,415,4.33
389,돈가스,280,280,100,13.85,17.94,15.89,4.99,343,3.16
390,생선까스,654,327,200,12.17,20.55,23.28,0.98,394,3.98
391,치킨가스,592,296,200,13.96,16.96,22.01,2.08,390,4.21
392,넙치(광어)회덮밥_양념장,392.7,77,510,4.27,1.06,12.64,1.92,85,0.16
393,돌솥비빔밥_양념장,473,86,550,2.81,2.07,13.99,1.23,116,0.49
394,비빔밥_묵_양념장,556.8,96,580,3.09,2.07,16.34,1.44,265,0.42
395,비빔밥_참치_양념장,600,100,600,4.82,1.8,16.11,1.72,192,0.35
396,영양돌솥밥,416.5,119,350,2.43,0.44,25.29,0.58,2,0.08
397,오므라이스,526.5,117,450,3.64,3.33,17.22,2.5,211,0.75
398,우럭회덮밥_양념장,502.5,67,750,3.49,0.77,11.47,1.55,64,0.14
399,짜장밥,483.6,93,520,2.85,1.94,15.58,2.14,180,0.43
400,참치덮밥,626.4,108,580,5.8,2.13,15.91,2.05,341,0.28
401,참치회덮밥_양념장,456,76,600,4.73,0.81,12.14,1.65,88,0.19
402,카레라이스_돼지고기,540,90,600,2.8,1.65,15.73,1.3,76,0.59
403,카레라이스_채소,617.5,95,650,2.09,1.18,18.96,1.82,94,0.5
404,콩나물국밥,498,60,830,2.66,0.73,10.69,0.42,58,0.2
405,간자장,1240,155,800,5.39,2.81,25.98,2.83,345,0.61
406,간자장_해물,1336.35,151,885,6.9,3.18,22.69,2.45,380,0.66
407,냉면_물냉면,748.8,96,780,3.64,0.68,18.29,0.42,197,0.21
408,메밀소바,344,86,400,2.49,0.32,17.96,1.44,254,0.08
409,비빔막국수,728,104,700,3.06,0.86,21.47,3.82,256,0.17
410,우동,568,71,800,2.14,1.1,12.76,0.23,270,0.24
411,우동_배추김치,500.5,65,770,1.85,0.79,12.11,0.46,250,0.18
412,우동_해물,510.6,69,740,2.94,0.85,11.84,0.45,214,0.2
413,울면,867,85,1020,4.29,0.97,14.05,0.76,158,0.24
414,자장면,990,165,600,5.4,2.52,29.07,2.89,409,0.48
415,쟁반짜장,1305,145,900,5.85,2.63,23.63,2.42,321,0.53
416,중식우동,873.6,91,960,4.73,0.84,15.29,0.82,202,0.21
417,쫄면,858,132,650,3.93,1.05,26.2,3.82,629,0.26
418,칼국수_들깨,1152.6,113,1020,3.41,2.73,18.42,0.16,149,0.25
419,해물칼국수,847,77,1100,3.09,0.4,14.64,0.22,252,0.1
420,갈비탕_소금제외,658.6,89,740,5.5,5.44,4.21,0.39,62,1.97
421,닭고기육개장,163.8,39,420,4.96,1.07,2.5,0.46,118,0.26
422,닭곰탕,225,50,450,6.35,1.8,1.71,0.2,113,0.39
423,닭백숙,341.6,56,610,4.23,2.11,4.49,0.37,49,0.57
424,삼계탕,792,88,900,7.42,3.75,5.64,0.48,58,1.01
425,갈치찌개,175.5,45,390,4.12,1.57,2.96,0.86,136,0.44
426,고추장찌개_두부,224,56,400,5.26,2.13,4.17,1.08,138,0.61
427,곱창전골,267.9,47,570,3.57,2.61,2.66,0.77,111,0.71
428,김치찌개_돼지고기,213.5,61,350,4.75,2.63,4.5,1.06,237,0.83
429,낙지전골,150.5,35,430,4.19,0.6,3.56,0.96,198,0.14
430,내장전골,272.6,58,470,5.41,2.88,2.89,0.72,128,0.84
431,동태찌개,152.5,25,610,3.25,0.51,2.05,0.6,177,0.08
432,돼지고기찌개,201.6,56,360,4.08,3.14,2.85,0.66,144,1.17
433,두부전골,151.7,41,370,3.79,1.76,2.87,0.44,109,0.26
434,버섯전골_소고기,236,59,400,4.11,3.02,4.69,1.01,144,1.13
435,불낙전골,276,69,400,7,2.67,4.58,1.15,250,0.95
436,불낙전골_해물,323.4,49,660,4.3,2.12,3.48,0.7,119,0.73
437,소고기샤브샤브,427.8,46,930,2.95,2.04,4.08,0.4,114,0.78
438,순대전골,342,76,450,5.61,3.18,6.28,0.68,160,1.22
439,아귀지리,113.4,21,540,3.97,0.13,0.89,0.2,87,0.02
440,알탕_해물,432.4,46,940,6.82,1.03,2.29,0.55,156,0.15
441,오리백숙,1004.4,124,810,7.36,7.72,5.57,0.54,68,2.51
442,오리탕,873.6,104,840,6.68,6.98,3.71,0.94,137,2.16
443,가오리콩나물찜,174,29,600,2.68,0.84,3.5,0.69,111,0.15
444,김치찜_돼지고기,396,88,450,6.54,4.7,4.62,1.96,355,1.6
445,깻잎찜,19.2,48,40,3.04,1.02,8.1,1.54,535,0.17
446,꼬막찜,30,30,100,4.01,0.54,2.19,0.62,193,0.09
447,꽃게콩나물찜,416,52,800,5.86,1.34,5.1,0.91,209,0.21
448,꽈리고추찜,41,41,100,1.48,0.76,7.51,0.92,155,0.13
449,낙지찜,444,74,600,5.47,4.31,3.81,0.89,217,0.67
450,단호박찜,36.9,41,90,0.93,0.16,10.04,3.63,2,0.03
451,대구볼찜,288,45,640,4.23,1.23,5.37,1.09,143,0.21
452,돼지갈비찜_배추김치,400.5,89,450,5.86,4.89,5.36,2.21,337,1.45
453,복찜,183.6,36,510,3.55,0.92,4.11,0.87,137,0.16
454,소갈비찜,832.5,111,750,5.38,7.08,6.45,2.92,291,2.46
455,소갈비찜_해물,1534.4,137,1120,11.41,6.11,8.65,0.7,173,2.17
456,해물콩나물찜,433.5,51,850,7.04,1.11,3.83,0.74,139,0.2
457,홍어찜,102.5,41,250,7.2,0.54,1.49,0.29,267,0.09
458,황태콩나물찜,533,82,650,10.17,1.99,6.92,1.74,244,0.35
459,가자미구이,205.2,108,190,11.89,5.73,1.26,0,240,0.89
460,갈치구이,205.8,147,140,12.65,9.81,0.88,0,338,2.16
461,고등어구이,241.4,142,170,9.51,9.99,2.69,0,207,2.35
462,굴비구이,91.5,122,75,11.83,7.4,0.98,0,109,1.52
463,꽁치구이,164,80,205,9.39,3.97,0.79,0,235,0.64
464,닭구이,205.2,76,270,7.07,3.77,3.01,1.98,250,1.05
465,돼지갈비구이_간장,232.2,129,180,7.96,7.78,6.56,3.35,215,2.12
466,삼치구이,243.2,64,380,9.55,2.38,0.47,0,166,0.5
467,소내장구이,239.2,92,260,6.75,6.53,0.75,0.1,57,1.83
468,소불고기_버섯,465.6,97,480,6.07,5.35,6.58,2.37,214,2.02
469,오리고기로스,574.2,174,330,11.76,13.5,0.5,0.28,161,4.34
470,옥돔구이,89.7,39,230,4.91,1.92,0.11,0,33,0.34
471,장어구이_고추장,254.6,134,190,10.05,8.25,4.82,1.88,207,2.22
472,장어구이_소금,253.45,137,185,9.94,10.37,0.23,0,196,2.86
473,전어구이,118.8,33,360,5.86,0.82,0.06,0,193,0.25
474,황태구이_양념,244.8,144,170,20.64,3.78,5.91,2.33,304,0.58
475,돼지고기볶음_돼지고기,536,134,400,9.53,7.88,6.43,2.85,168,2.69
476,오징어볶음_채소,290.4,88,330,10.06,2.16,7.23,3.38,288,0.41
477,오징어채볶음,114.8,164,70,25.48,3.41,6.56,2.35,522,0.56
478,유산슬,291.1,71,410,9.09,1.96,4.84,0.59,461,0.4
479,주꾸미볶음_채소,233.1,74,315,6.94,1.91,7.99,3.13,142,0.31
480,중식잡채,373.5,83,450,2.3,2.24,13.58,1.13,112,0.54
481,쫄볶이,945,150,630,4.7,1.41,29.37,3.97,652,0.58
482,가자미조림,173.6,62,280,7.9,1.37,4.41,1.51,241,0.24
483,갈치조림_무,260,65,400,6.31,2.4,4.44,1.78,232,0.67
484,감자조림,52.8,66,80,1.58,0.85,13.29,1.89,242,0.14
485,고등어조림_배추김치,322.5,75,430,6.5,3.45,4.32,1.81,299,0.88
486,고추조림_멸치,45.6,57,80,7.08,1.21,4.69,1.24,464,0.24
487,꽁치조림_채소,136.8,72,190,8.85,1.9,4.75,1.7,180,0.34
488,달걀조림,87.2,109,80,9.01,4.79,6.53,1.5,498,1.63
489,닭도리탕,444.6,78,570,6.51,3.34,5.6,1.55,166,0.89
